gpu,longitud_mm,watts_recomendados
AMD Radeon Pro W7800 IA 32GB GDDR6,270.0,650.0
ASRock AMD Radeon RX 9060 XT Steel Legend OC 16GB GDDR6,300.0,550.0
ASRock AMD Radeon RX 9070 XT Challenger 16GB GDDR6,330.0,750.0
ASRock AMD Radeon RX 9070 XT Steel Legend Dark 16GB GDDR6,330.0,750.0
Asus AMD Radeon AI PRO R9700 Turbo 32GB GDDR6,304.0,750.0
Asus Dual GeForce RTX 3050 V2 OC Edition 8GB GDDR6,240.0,550.0
Asus Dual GeForce RTX 4060 Gaming 8GB GDDR6 DLSS3 Bulk,227.0,550.0
Asus Dual GeForce RTX 5060 Ti EVO OC Edition 16GB GDDR7 DLSS4 Bulk,227.0,600.0
Asus GeForce GT 1030 2GB GDDR5,173.0,300.0
Asus GeForce GT 730 SL 2GB GDDR5,148.0,300.0
Asus GeForce RTX 5060 LP BRK OC Edition 8GB GDDR7 DLSS4,182.0,550.0
Asus Prime GeForce RTX 5050 8GB GDDR6 DLSS4,304.0,550.0
Asus Prime GeForce RTX 5050 OC 8GB GDDR6 DLSS4,304.0,550.0
Asus Prime GeForce RTX 5070 12GB GDDR7 DLSS4,304.0,650.0
Asus Prime RTX 5060 8GB GDDR7 DLSS4,304.0,550.0
Asus Prime RTX 5060 OC 8GB GDDR7 DLSS4,304.0,550.0
Asus ROG Astral GeForce RTX 5090 BTF OC Edition 32GB GDDR7 DLSS4,357.6,1000.0
Asus ROG Astral GeForce RTX 5090 White OC Edition 32GB GDDR7 DLSS4,357.6,1000.0
Asus ROG Strix GeForce RTX 4070 SUPER Gaming 12GB GDDR6X DLS33,336.0,700.0
Asus TUF Gaming GeForce RTX 5070 OC 12GB GDDR7 DLSS4,329.0,750.0
Asus TUF Gaming GeForce RTX 5070 Ti OC 16GB GDDR7 DLSS4,329.0,750.0
Biostar GeForce 210 1GB DDR3,168.0,300.0
Gainward GeForce RTX 5050 Ghost 8GB GDDR6 DLSS4,245.0,550.0
Gainward GeForce RTX 5050 Pegasus 8GB GDDR6 DLSS4,170.0,550.0
Gainward GeForce RTX 5060 Ghost 8GB GDDR7 DLSS4,249.9,550.0
Gainward GeForce RTX 5060 Ghost OC 8GB GDDR7 DLSS4,249.9,550.0
Gainward GeForce RTX 5060 Python III OC 8GB GDDR7 DLSS4,292.0,550.0
Gainward GeForce RTX 5060 Ti Ghost 8GB GDDR7 DLSS4,249.9,600.0
Gainward GeForce RTX 5060 Ti Ghost OC 8GB GDDR7 DLSS4,249.9,600.0
Gainward GeForce RTX 5060 Ti Python III 16GB GDDR7 DLSS4,292.0,600.0
Gainward GeForce RTX 5070 Python III 12GB GDDR7 DLSS4,331.9,650.0
Gainward GeForce RTX 5070 Python III OC 12GB GDDR7 DLSS4,331.9,650.0
Gigabyte AMD Radeon RX 6500 XT GAMING OC 4GB GDDR6,282.0,500.0
Gigabyte AMD Radeon RX 9060 XT Gaming OC 16GB GDDR6,281.0,550.0
Gigabyte AMD Radeon RX 9060 XT Gaming OC 8GB GDDR6,281.0,550.0
Gigabyte AORUS GeForce RTX 5060 ELITE 8GB GDDR7 DLSS4,250.0,550.0
Gigabyte AORUS GeForce RTX 5060 Ti ELITE 16GB GDDR7 DLSS4,250.0,600.0
Gigabyte AORUS GeForce RTX 5070 Master 12GB GDDR7 DLSS4,304.0,650.0
Gigabyte AORUS GeForce RTX 5070 Ti Master 16GB GDDR7 DLSS4,330.0,750.0
Gigabyte AORUS GeForce RTX 5080 Master 16GB GDDR7 DLSS4,304.0,850.0
Gigabyte AORUS GeForce RTX 5090 Xtreme WaterForce 32GB GDDR7 DLSS4,330.0,1000.0
Gigabyte AORUS GeForce RTX 5090 Xtreme WaterForce WB 32GB GDDR7 DLSS4,330.0,1000.0
Gigabyte AORUS RTX 5060 Ti AI BOX 16GB GDDR7 DLSS4 RGB Externa,250.0,600.0
Gigabyte AORUS RTX 5090 AI BOX 32GB GDDR7 DLSS4,330.0,1000.0
Gigabyte GeForce GT 710 2GB GDDR3 - Tarjeta Gráfica,146.0,300.0
Gigabyte GeForce RTX 3050 WindForce OC V2 6GB GDDR6 DLSS3,240.0,550.0
Gigabyte GeForce RTX 3050 Windforce OC v2 8GB GDDR6,240.0,550.0
Gigabyte GeForce RTX 5050 Gaming OC 8GB GDDR6 DLSS4,250.0,550.0
Gigabyte GeForce RTX 5050 OC Low Profile 8GB GDDR6 DLSS4,250.0,550.0
Gigabyte GeForce RTX 5050 WindForce OC 8GB GDDR6 DLSS4,250.0,550.0
Gigabyte GeForce RTX 5060 AERO OC 8GB GDDR7 DLSS4,250.0,550.0
Gigabyte GeForce RTX 5060 EAGLE MAX OC 8GB GDDR7 DLSS4,250.0,550.0
Gigabyte GeForce RTX 5060 EAGLE OC 8GB GDDR7 DLSS4,250.0,550.0
Gigabyte GeForce RTX 5060 EAGLE OC ICE 8GB GDDR7 DLSS4,250.0,550.0
Gigabyte GeForce RTX 5060 Gaming OC 8GB GDDR7 DLSS4,250.0,550.0
Gigabyte GeForce RTX 5060 OC Low Profile 8GB GDDR7 DLSS4,250.0,550.0
Gigabyte GeForce RTX 5060 Ti AERO OC 16GB GDDR7 DLSS4,250.0,600.0
Gigabyte GeForce RTX 5060 Ti AERO OC 8GB GDDR7 DLSS4,250.0,600.0
Gigabyte GeForce RTX 5060 Ti EAGLE OC 16GB GDDR7 DLSS4,250.0,600.0
Gigabyte GeForce RTX 5060 Ti EAGLE OC ICE 16GB GDDR7 DLSS4,250.0,600.0
Gigabyte GeForce RTX 5060 Ti EAGLE OC ICE 8GB GDDR7 DLSS4,250.0,600.0
Gigabyte GeForce RTX 5060 Ti Gaming OC 16GB GDDR7 DLSS4,250.0,600.0
Gigabyte GeForce RTX 5060 Ti Gaming OC 8GB GDDR7 DLSS4,250.0,600.0
Gigabyte GeForce RTX 5060 Ti WindForce 16GB GDDR7 DLSS4,250.0,600.0
Gigabyte GeForce RTX 5060 Ti WindForce OC 16GB GDDR7 DLSS4,250.0,600.0
Gigabyte GeForce RTX 5060 WindForce 8GB GDDR7 DLSS4,250.0,550.0
Gigabyte GeForce RTX 5060 WindForce OC 8GB GDDR7 DLSS4,250.0,550.0
Gigabyte GeForce RTX 5070 AERO OC 12GB GDDR7 DLSS4,304.0,650.0
Gigabyte GeForce RTX 5070 EAGLE OC ICE SFF 12GB GDDR7 DLSS4,304.0,650.0
Gigabyte GeForce RTX 5070 EAGLE OC SFF 12GB GDDR7 DLSS4,304.0,650.0
Gigabyte GeForce RTX 5070 Ti AERO OC 16GB GDDR7 DLSS4,330.0,750.0
Gigabyte GeForce RTX 5070 Ti EAGLE OC ICE SFF 16GB GDDR7 DLSS4,330.0,750.0
Gigabyte GeForce RTX 5070 Ti EAGLE OC SFF 16GB GDDR7 DLSS4,330.0,750.0
Gigabyte GeForce RTX 5070 Ti Gaming OC 16GB GDDR7 DLSS4,330.0,750.0
Gigabyte GeForce RTX 5070 Ti WindForce OC SFF 16GB GDDR7 DLSS4,330.0,750.0
Gigabyte GeForce RTX 5070 WindForce OC SFF 12GB GDDR7 DLSS4,304.0,650.0
Gigabyte GeForce RTX 5080 AERO OC SFF 16GB GDDR7 DLSS4,304.0,850.0
Gigabyte GeForce RTX 5080 AORUS Master ICE 16GB GDDR7 DLSS4,304.0,850.0
Gigabyte GeForce RTX 5080 WindForce SFF 16GB GDDR7,304.0,850.0
Gigabyte GeForce RTX 5090 AORUS Master 32GB GDDR7 DLSS4,330.0,1000.0
Gigabyte GeForce RTX 5090 Gaming OC 32GB GDDR7 DLSS4,330.0,1000.0
Gigabyte Radeon RX 7600 OC 8GB GDDR6,282.0,550.0
Gigabyte Radeon RX 7600 OC 8GB GDDR6 -,282.0,550.0
Gigabyte Radeon RX 7800 XT Gaming OC 16GB GDDR6,302.0,700.0
Gigabyte Radeon RX 9070 Gaming OC 16GB GDDR6,288.0,650.0
INNO3D GeForce RTX 3050 TWIN X2 8GB GDDR6,240.0,550.0
INNO3D GeForce RTX 3050 TWIN X2 8GB GDDR6 Bulk,240.0,550.0
INNO3D GeForce RTX 5050 COMPACT 8GB GDDR6 DLSS4,200.0,550.0
INNO3D GeForce RTX 5050 TWIN X2 8GB GDDR6 DLSS4,250.0,550.0
INNO3D GeForce RTX 5050 TWIN X2 OC 8GB GDDR6 DLSS4,250.0,550.0
INNO3D GeForce RTX 5060 Ti TWIN X2 16GB GDDR7 DLSS4,250.0,600.0
INNO3D GeForce RTX 5060 Ti TWIN X2 8GB GDDR7 DLSS4,250.0,600.0
INNO3D GeForce RTX 5060 Ti TWIN X2 OC 16GB GDDR7 DLSS4,250.0,600.0
INNO3D GeForce RTX 5060 Ti TWIN X2 OC 8GB GDDR7 DLSS4,250.0,600.0
INNO3D GeForce RTX 5060 Ti TWIN X2 OC White 16GB GDDR7 DLSS4,250.0,600.0
INNO3D GeForce RTX 5060 Ti TWIN X2 OC White 8GB GDDR7 DLSS4,250.0,600.0
INNO3D GeForce RTX 5060 Ti X3 OC 16GB GDDR7 DLSS4,300.0,600.0
INNO3D GeForce RTX 5060 Ti X3 OC 8GB GDDR7 DLSS4,300.0,600.0
INNO3D GeForce RTX 5060 TWIN X2 8GB GDDR7 DLSS4,250.0,550.0
INNO3D GeForce RTX 5060 TWIN X2 OC 8GB GDDR7 DLSS4,250.0,550.0
INNO3D GeForce RTX 5060 TWIN X2 OC White 8GB GDDR7 DLSS4,250.0,550.0
INNO3D GeForce RTX 5070 Ti X3 16GB GDDR7 DLSS4,300.0,750.0
INNO3D GeForce RTX 5070 Ti X3 OC 16GB GDDR7 DLSS4,300.0,750.0
INNO3D GeForce RTX 5070 Ti X3 OC White 16GB GDDR7 DLSS4,300.0,750.0
INNO3D GeForce RTX 5070 TWIN X2 12GB GDDR7 DLSS4,249.9,650.0
INNO3D GeForce RTX 5070 TWIN X2 OC 12GB GDDR7 DLSS4,249.9,650.0
INNO3D GeForce RTX 5070 TWIN X2 OC White 12GB GDDR7 DLSS4,249.9,650.0
INNO3D GeForce RTX 5080 X3 Gaming OC 16GB GDDR7 DLSS4,336.0,850.0
Intel Arc Pro AI B70 Graphics 32GB GDDR6,241.0,650.0
KFA2 GeForce RTX 3060 (1-Click OC) 8GB GDDR6 -,240.0,550.0
KFA2 GeForce RTX 5070 Ti EX Gamer 1-Click OC 16GB GDDR7 DLSS4,330.0,750.0
KFA2 GeForce RTX 5070 Ti EX Gamer 1-Click OC White 16GB GDDR7 DLSS4,330.0,750.0
MSI GeForce RTX 3050 LP OC 6GB GDDR6,174.0,300.0
MSI GeForce RTX 5060 VENTUS 2X OC 8GB GDDR7 DLSS4 Bulk,197.0,550.0
MSI GeForce RTX 5070 Ti VENTUS 3X OC 16GB GDDR7 DLSS4,303.0,750.0
MSI GeForce RTX 5080 GAMING TRIO OC 16GB GDDR7 DLSS4,338.0,850.0
MSI GeForce RTX 5080 GAMING TRIO OC WHITE 16GB GDDR7 DLSS4,338.0,850.0
MSI GeForce RTX 5080 SUPRIM SOC 16GB GDDR7 DLSS4,359.0,850.0
MSI GeForce RTX 5080 VENTUS 3X OC 16GB GDDR7 DLSS4,303.0,850.0
MSI GeForce RTX 5090 LIGHTNING Z 32GB GDDR7 DLSS4,358.0,1000.0
NVIDIA L40S Ada IA 48GB GDDR6 ECC Passive,267.0,350.0
Nvidia Quadro RTX 2000 Ada 16GB GDDR6 Retail,156.0,70.0
NVIDIA Quadro RTX 4000 SFF Ada 20GB GDDR6 Bulk,241.0,130.0
NVIDIA Quadro RTX A400 4GB GDDR6 Bulk,168.0,50.0
NVIDIA Quadro RTX PRO 6000 IA Blackwell Server Edition 96GB GDDR7 Bulk,,
NVIDIA RTX 5000 Ada 32GB GDDR6 Bulk,267.0,300.0
NVIDIA RTX PRO 2000 IA Blackwell 16GB GDDR7 ECC Bulk,228.0,70.0
NVIDIA RTX PRO 4000 IA Blackwell 24GB GDDR7 ECC Bulk,241.0,130.0
NVIDIA RTX PRO 4500 IA Blackwell 32GB GDDR7 ECC Bulk,267.0,250.0
NVIDIA RTX PRO 5000 IA Blackwell 48GB GDDR7 ECC Bulk,267.0,250.0
NVIDIA RTX PRO 6000 IA Blackwell Max-Q Workstation Edition 96GB GDDR7 Bulk,267.0,600.0
NVIDIA RTX PRO 6000 IA Blackwell Workstation Edition 96GB GDDR7 Bulk,267.0,600.0
Palit GeForce RTX 5050 Dual 8GB GDDR6 DLSS4,292.0,550.0
Palit GeForce RTX 5050 StormX 8GB GDDR6 DLSS4,172.0,550.0
Palit GeForce RTX 5060 Dual 8GB GDDR7 DLSS4,262.0,550.0
Palit GeForce RTX 5060 Ti Dual 8GB GDDR7 DLSS4,262.0,600.0
Palit GeForce RTX 5070 GamingPro-S OC 12GB GDDR7 DLSS4,331.9,650.0
Palit GeForce RTX 5070 Infinity 3 12GB GDDR7 DLSS4,291.9,650.0
Palit GeForce RTX 5070 Ti GamingPro-S 16GB GDDR7 DLSS4,331.9,750.0
Palit GeForce RTX 5070 Ti GamingPro-S OC 16GB GDDR7 DLSS4,331.9,750.0
Palit GeForce RTX 5070 White OC 12GB GDDR7 DLSS4,331.9,650.0
PNY GeForce RTX 2000 Ada 16GB GDDR6,,
PNY GeForce RTX 5060 Ti Dual Fan OC 8GB GDDR7 DLSS4,247.4,600.0
PNY GeForce RTX 5070 OC 12GB GDDR7 DLSS4,247.4,650.0
PNY GeForce RTX 5070 Ti 16GB GDDR7 DLSS4,332.0,750.0
PNY GeForce RTX 5070 Ti OC 16GB GDDR7 DLSS4,332.0,750.0
PNY GeForce RTX 5080 16GB GDDR7 DLSS4,304.0,850.0
PNY GeForce RTX 5080 Epic-X RGB OC 16GB GDDR7 DLSS4,304.0,850.0
PNY GeForce RTX 5080 OC 16GB GDDR7 DLSS4,304.0,850.0
PNY GeForce RTX 5090 Epic-X RGB OC 32GB GDDR7 DLSS4,304.0,1000.0
PNY GeForce RTX 5090 OC 32GB GDDR7 DLSS4,304.0,1000.0
PNY GeForce RTX A1000 8GB GDDR6 Bulk,,
PNY NVIDIA A2 16GB GDDR6 ECC,168.0,60.0
PNY NVIDIA A2 Low Profile 16GB GDDR6 ECC,168.0,60.0
PNY NVIDIA H200 NVL PCIE 141GB HBM3e,267.0,700.0
PNY NVIDIA L4 24GB GDDR6 Passive,168.0,72.0
PNY NVIDIA L40S 48GB GDDR6 ECC,168.0,72.0
PNY NVIDIA Quadro RTX 5000 Ada 32GB GDDR6,,
PNY NVIDIA Quadro RTX 6000 ADA 48GB GDDR6 ECC BULK,,
PNY NVIDIA Quadro RTX A400 4GB GDDR6 Bulk,168.0,50.0
PNY NVIDIA Quadro RTX PRO 6000 IA Blackwell Max-Q Workstation Edition 96GB GDDR7,,
PNY NVIDIA Quadro T1000 4GB GDDR6 BULK,156.0,50.0
PNY NVIDIA RTX 2000 Ada 16GB GDDR6,,
PNY NVIDIA RTX 4000 Ada 20GB GDDR6 ECC (Retail Box),241.0,130.0
PNY NVIDIA RTX 4000 Ada 20GB GDDR6 ECC Bulk,241.0,130.0
PNY NVIDIA RTX A1000 8GB GDDR6 Bulk,156.0,50.0
PNY NVIDIA RTX A4500 20GB GDDR6 ECC Smallbox,241.0,200.0
PNY NVIDIA RTX PRO 2000 IA Blackwell 16GB GDDR7,228.0,70.0
PNY NVIDIA RTX PRO 2000 IA Blackwell 16GB GDDR7 Bulk,228.0,70.0
PNY NVIDIA RTX PRO 4000 IA Blackwell 24GB GDDR7 Bulk,241.0,130.0
PNY NVIDIA RTX Pro 4000 IA Blackwell SFF Edition 24GB GDDR7 Smallbox,241.0,130.0
PNY NVIDIA RTX PRO 4500 IA Blackwell 32GB GDDR7 Bulk,267.0,250.0
PNY NVIDIA RTX PRO 4500 IA Blackwell Server Edition 32GB GDDR7 ECC,267.0,250.0
PNY NVIDIA RTX PRO 5000 IA Blackwell 48GB GDDR7 Bulk,267.0,250.0
PNY NVIDIA RTX PRO 6000 IA Blackwell 96GB GDDR7 PCIe 5.0 DisplayPort 2.1b,267.0,600.0
PNY NVIDIA RTX Pro 6000 IA Blackwell Max-Q 96GB GDDR7,267.0,600.0
PNY NVIDIA RTX PRO 6000 IA Blackwell Server Edition 96GB GDDR7 ECC,267.0,600.0
PNY NVIDIA RTX PRO 6000 IA Blackwell Workstation Edition 96GB GDDR7,267.0,600.0
PNY Nvidia T400 4GB GDDR6 Bulk,156.0,50.0
PowerColor AMD Radeon RX 7600 Fighter 8GB GDDR6,222.0,550.0
Powercolor Hellhound AMD Radeon RX 9060 XT OC 16GB GDDR6,298.0,550.0
Powercolor Hellhound AMD Radeon RX 9060 XT OC 8GB GDDR6,298.0,550.0
PowerColor Hellhound AMD Radeon RX 9070 OC 16GB GDDR6,327.0,700.0
PowerColor HellHound Reva AMD Radeon RX 9070 XT 16GB GDDR6,327.0,800.0
Powercolor Hellhound Spectral AMD Radeon RX 9070 XT White 16GB GDDR6,327.0,800.0
Powercolor Reaper AMD Radeon RX 9060 8GB GDDR6 Bulk,217.0,500.0
Powercolor Reaper AMD Radeon RX 9060 XT 16GB GDDR6,292.0,550.0
Powercolor Reaper AMD Radeon RX 9060 XT 8GB GDDR6,292.0,550.0
Powercolor Red Devil Spectral White AMD Radeon RX 9070 XT OC 16GB GDDR6,340.0,900.0
Sapphire Nitro+ AMD Radeon RX 9070 16GB GDDR6,330.0,750.0
Sapphire Nitro+ AMD Radeon RX 9070 XT 16GB GDDR6,330.0,850.0
Sapphire Nitro+ AMD Radeon RX 9070 XT 16GB GDDR6 -,330.0,850.0
Sapphire Nitro+ AMD Radeon RX 9070 XT Crimson Desert Version Gaming OC 16GB GDDR6,330.0,850.0
Sapphire Nitro+ Radeon RX 6800 XT OC 16GB GDDR6 - Tarjeta Gráfica -,310.0,850.0
Sapphire Nitro+ Radeon RX 6800 XT SE Gaming 16GB GDDR6 - Tarjeta Gráfica -,310.0,850.0
Sapphire Nitro+ Radeon RX 6950 XT Gaming OC 16Gb GDDR6 -,310.0,850.0
Sapphire Nitro+ Radeon RX 9060 XT Gaming OC 16GB GDDR6,300.0,650.0
Sapphire Pulse AMD Radeon 9060 OC 8GB GDDR6 Bulk,240.0,500.0
Sapphire Pulse AMD Radeon RX 6400 Gaming 4GB GDDR6,170.0,350.0
Sapphire Pulse AMD Radeon RX 9060 XT Gaming OC 16GB GDDR6,240.0,550.0
Sapphire Pulse AMD Radeon RX 9060 XT Gaming OC 8GB GDDR6,240.0,550.0
Sapphire Pulse AMD Radeon RX 9070 16GB GDDR6,280.0,650.0
Sapphire Pulse AMD Radeon RX 9070 XT 16GB GDDR6,320.0,750.0
Sapphire Pulse AMD Radeon RX 9070 XT 16GB GDDR6 -,320.0,750.0
Sapphire Pulse Radeon RX 7600 Gaming OC 8GB GDDR6,240.0,550.0
Sapphire Pulse Radeon RX 7900 XT Gaming 20GB GDDR6,313.0,750.0
Sapphire Pure AMD Radeon RX 9060 XT Gaming OC 16GB GDDR6,281.0,650.0
Sapphire Pure AMD Radeon RX 9070 16GB GDDR6,320.0,650.0
Sapphire Pure AMD Radeon RX 9070 XT 16GB GDDR6,320.0,750.0
Sparkle Eco Intel Arc A310 4 GB GDDR6,152.0,300.0
XFX AMD Radeon AI Pro R9700 IA Blower 32GB GDDR6,241.0,700.0
XFX Mercury AMD Radeon RX 9060 XT OC Gaming Edition 16GB GDDR6,344.0,650.0
XFX Mercury AMD Radeon RX 9060 XT OC Gaming Edition White 16GB GDDR6,344.0,650.0
XFX Quicksilver AMD Radeon RX 9070 XT Gaming 16GB GDDR6,357.0,850.0
XFX Quicksilver AMD Radeon RX 9070 XT Gaming White 16GB GDDR6,357.0,850.0
XFX Speedster QICK 319 AMD Radeon RX 7800 XT 16GB GDDR6,335.0,700.0
XFX Swift AMD Radeon RX 9060 Gaming Edition 8GB GDDR6 OEM,270.0,550.0
XFX Swift AMD Radeon RX 9060 XT OC Gaming Edition 16GB GDDR6,270.0,550.0
XFX Swift AMD Radeon RX 9060 XT OC Gaming Edition 8GB GDDR6,270.0,550.0
XFX Swift AMD Radeon RX 9060 XT OC Gaming Edition Doble Fan 16GB GDDR6,270.0,550.0
XFX Swift AMD Radeon RX 9060 XT OC Gaming Edition White 16GB GDDR6,270.0,550.0
XFX Swift AMD Radeon RX 9070 OC Gaming Edition 16GB GDDR6,305.0,650.0
XFX Swift AMD Radeon RX 9070 OC Gaming Edition White 16GB GDDR6,305.0,650.0
XFX Swift AMD Radeon RX 9070 XT Gaming 16GB GDDR6,342.0,750.0
XFX Swift AMD Radeon RX 9070 XT Gaming White 16GB GDDR6,342.0,750.0
Zotac Gaming GeForce RTX 3050 ECO SOLO 8GB GDDR6,161.0,450.0
Zotac Gaming GeForce RTX 3050 SOLO 6GB GDDR6,161.0,450.0
Zotac Gaming GeForce RTX 5050 Perfil Bajo 8GB GDDR6 DLSS4,182.0,550.0
Zotac Gaming GeForce RTX 5050 SOLO 8GB GDDR6 DLSS4,165.0,550.0
Zotac Gaming GeForce RTX 5050 Twin Edge 8GB GDDR6 DLSS4,220.0,550.0
Zotac Gaming GeForce RTX 5050 Twin Edge OC White Edition 8GB GDDR6,220.0,550.0
Zotac Gaming GeForce RTX 5060 AMP 8GB GDDR7 DLSS4,220.0,550.0
Zotac Gaming GeForce RTX 5060 Low Profile 8GB GDDR7,182.0,550.0
Zotac Gaming GeForce RTX 5060 SOLO 8GB GDDR7 DLSS4,172.0,550.0
Zotac Gaming GeForce RTX 5060 Ti AMP 16GB GDDR7 DLSS4,221.0,600.0
Zotac Gaming GeForce RTX 5060 Ti AMP 8GB GDDR7 DLSS4,221.0,600.0
Zotac Gaming GeForce RTX 5060 Ti TWIN EDGE 16GB GDDR7 DLSS4,221.0,600.0
Zotac Gaming GeForce RTX 5060 Ti TWIN EDGE 8GB GDDR7 DLSS4,221.0,600.0
Zotac Gaming GeForce RTX 5060 Ti TWIN EDGE OC 16GB GDDR7 DLSS4,221.0,600.0
Zotac Gaming GeForce RTX 5060 Ti TWIN EDGE OC 8GB GDDR7 DLSS4,221.0,600.0
Zotac Gaming GeForce RTX 5060 TWIN EDGE 8GB GDDR7 DLSS4,221.0,550.0
Zotac Gaming GeForce RTX 5060 Twin Edge OC 8GB GDDR7 DLSS4,221.0,550.0
Zotac Gaming GeForce RTX 5060 Twin Edge OC White Edition 8GB GDDR7 DLSS4,221.0,550.0
Zotac Gaming GeForce RTX 5070 AMP White Edition 12GB GDDR7 DLSS4,304.0,650.0
Zotac Gaming GeForce RTX 5070 Ti AMP Extreme INFINITY 16GB GDDR7 DLSS4,340.0,750.0
Zotac Gaming GeForce RTX 5070 Ti SOLID CORE OC 16GB GDDR7 DLSS4,304.0,750.0
Zotac Gaming GeForce RTX 5070 Ti SOLID CORE OC White Edition 16GB GDDR7 DLSS4,304.0,750.0
Zotac Gaming GeForce RTX 5070 Ti SOLID OC 16GB GDDR7 DLSS4,304.0,750.0
Zotac Gaming GeForce RTX 5070 Ti SOLID SFF 16GB GDDR7 DLSS4,304.0,750.0
Zotac Gaming GeForce RTX 5070 Ti SOLID SFF OC 16GB GDDR7 DLSS4,304.0,750.0
Zotac Gaming GeForce RTX 5070 TWIN EDGE 12GB GDDR7 DLSS4,241.0,650.0
Zotac Gaming GeForce RTX 5070 TWIN EDGE OC 12GB GDDR7 DLSS4,241.0,650.0
Zotac Gaming GeForce RTX 5070 Twin Edge OC White Edition 12GB GDDR7 DLSS4,241.0,650.0
Zotac Gaming GeForce RTX 5080 AMP Extreme INFINITY 16GB GDDR7 DLSS4,332.0,850.0
Zotac Gaming GeForce RTX 5080 AMP Extreme INFINITY ULTRA 16GB GDDR7 DLSS4,332.0,850.0
Zotac Gaming GeForce RTX 5080 SOLID 16GB GDDR7 DLSS4,304.0,850.0
Zotac Gaming GeForce RTX 5080 SOLID CORE 16GB GDDR7 DLSS4,304.0,850.0
Zotac Gaming GeForce RTX 5080 SOLID CORE OC 16GB GDDR7 DLSS4,304.0,850.0
Zotac Gaming GeForce RTX 5080 SOLID CORE OC 20th Anniversary Edition 16GB GDDR7 DLSS4,304.0,850.0
Zotac Gaming GeForce RTX 5080 SOLID OC 16GB GDDR7 DLSS4,304.0,850.0
Zotac Gaming GeForce RTX 5080 SOLID OC White Edition 16GB GDDR7 DLSS4,304.0,850.0
Zotac Gaming GeForce RTX 5090 AMP Extreme INFINITY 32GB GDDR7 DLSS4,357.6,1000.0
Zotac Gaming GeForce RTX 5090 SOLID 32GB GDDR7 DLSS4,329.7,1000.0
Zotac Gaming GeForce RTX 5090 SOLID OC 32GB GDDR7 DLSS4,329.7,1000.0
Zotac Gaming GeForce RTX 5090 SOLID OC White Edition 32GB GDDR7 DLSS4,329.7,1000.0
Zotac GeForce GT 730 Zone Edition 4GB GDDR3,146.0,300.0
Zotac GeForce RTX 3050 Twin Edge OC 6GB GDDR6,242.0,450.0
Zotac GeForce RTX 4070 Ti AMP Extreme AIRO 12GB GDDR6X DLSS3 -,356.0,750.0
Zotac GeForce GT 1030 Low Profile 2GB GDDR5,,
