id,placa_base,ram_compatible,formato
1181,ASRock B550 Phantom Gaming 4 Socket AM4 -,DDR4,ATX
1176,ASRock B650 Steel Legend WIFI Socket AM5 -,DDR5,ATX
675,ASRock H610M-HDV M.2 Socket 1700,DDR5,Micro-ATX
718,ASRock Z790 PG Lightning Socket 1700 -,DDR5,ATX
1173,Asus Prime A520M-K Socket AM4 -,DDR4,Micro-ATX
1171,Asus Prime A620AM-K Socket AM5 -,DDR5,Micro-ATX
1178,Asus Prime B650M-A II Socket AM5 -,DDR5,Micro-ATX
1159,Asus Prime B760M-A WIFI Socket 1700 -,DDR5,Micro-ATX
1182,Asus Prime Z590-P Socket 1200 - Placa Base -,DDR4,ATX
717,Asus Prime Z790-P Socket 1700 -,DDR5,ATX
1167,Asus ROG Strix B850-F Gaming WIFI Socket AM5 -,DDR5,ATX
1172,Asus ROG Strix X870E-E Gaming WIFI Socket AM5 -,DDR5,ATX
1170,Asus TUF Gaming B650-E WIFI Socket AM5 -,DDR5,ATX
710,Asus TUF Gaming B650-PLUS WIFI Socket AM5 -,DDR5,ATX
1168,Asus TUF Gaming B760-PLUS WIFI D4 Socket 1700 -,DDR4,ATX
1252,Biostar A68N-2100K,DDR3,Mini-ITX
1183,Gigabyte B550I AORUS Pro AX Socket AM4 -,DDR4,Mini-ITX
1175,Gigabyte B560M DS3H V2 Socket 1200 -,DDR4,Micro-ATX
1180,Gigabyte H610M K D4 Socket 1700,DDR4,Micro-ATX
1156,Gigabyte Z790 AORUS Elite D4 Socket 1700 -,DDR4,ATX
719,MSI A520M-A PRO Socket AM4 -,DDR4,Micro-ATX
1144,MSI B450M PRO-VDH MAX Socket AM4 -,DDR4,Micro-ATX
1169,MSI MAG B850 TOMAHAWK MAX WIFI Socket AM5 -,DDR5,ATX
1160,MSI MAG Z790 TOMAHAWK WIFI Socket 1700 -,DDR5,ATX
1174,MSI PRO A620AM-B EVO Socket AM5 -,DDR5,Micro-ATX
1179,MSI PRO B650-S WIFI Socket AM5 -,DDR5,ATX
1145,MSI PRO B650M-B Socket AM5 -,DDR5,Micro-ATX
1184,MSI PRO B760M-P D4 Socket 1700 -,DDR4,Micro-ATX
1146,MSI PRO B850-S WIFI6E Socket AM5 -,DDR5,ATX
711,MSI X670-P Pro WIFI Socket AM5 -,DDR5,ATX
